X,fever1,fever2,fever3,fever4,fever5,fever6,fever7,fever8,fever9,fever10,chill1,chill2,chill3,chill4,chill5,chill6,chill7,chill8,chill9,chill10,headache1,headache2,headache3,headache4,headache5,headache6,headache7,headache8,headache9,headache10,pneumonia1,pneumonia2,pneumonia3,pneumonia4,pneumonia5,pneumonia6,pneumonia7,pneumonia8,pneumonia9,pneumonia10,covid1,covid2,covid3,covid4,covid5,covid6,covid7,covid8,covid9,covid10,new cases per day
1,28,30,26,29,25,29,25,27,30,29,34,45,33,49,39,56,51,43,37,44,59,63,59,57,58,56,63,59,65,57,23,18,16,19,19,17,18,21,16,15,57,46,41,43,44,46,47,49,44,45,44323
2,28,28,30,26,29,25,29,25,27,30,42,34,45,33,49,39,56,51,43,37,60,59,63,59,57,58,56,63,59,65,22,23,18,16,19,19,17,18,21,16,50,57,46,41,43,44,46,47,49,44,40761
3,25,28,28,30,26,29,25,29,25,27,28,42,34,45,33,49,39,56,51,43,56,60,59,63,59,57,58,56,63,59,23,22,23,18,16,19,19,17,18,21,48,50,57,46,41,43,44,46,47,49,45424
4,26,25,28,28,30,26,29,25,29,25,35,28,42,34,45,33,49,39,56,51,54,56,60,59,63,59,57,58,56,63,21,23,22,23,18,16,19,19,17,18,48,48,50,57,46,41,43,44,46,47,51160
5,27,26,25,28,28,30,26,29,25,29,39,35,28,42,34,45,33,49,39,56,50,54,56,60,59,63,59,57,58,56,22,21,23,22,23,18,16,19,19,17,43,48,48,50,57,46,41,43,44,46,43296
6,29,27,26,25,28,28,30,26,29,25,43,39,35,28,42,34,45,33,49,39,62,50,54,56,60,59,63,59,57,58,22,22,21,23,22,23,18,16,19,19,40,43,48,48,50,57,46,41,43,44,34341
7,29,29,27,26,25,28,28,30,26,29,35,43,39,35,28,42,34,45,33,49,61,62,50,54,56,60,59,63,59,57,18,22,22,21,23,22,23,18,16,19,38,40,43,48,48,50,57,46,41,43,26218
8,26,29,29,27,26,25,28,28,30,26,36,35,43,39,35,28,42,34,45,33,61,61,62,50,54,56,60,59,63,59,18,18,22,22,21,23,22,23,18,16,40,38,40,43,48,48,50,57,46,41,24417
9,28,26,29,29,27,26,25,28,28,30,40,36,35,43,39,35,28,42,34,45,48,61,61,62,50,54,56,60,59,63,22,18,18,22,22,21,23,22,23,18,44,40,38,40,43,48,48,50,57,46,33699
10,29,28,26,29,29,27,26,25,28,28,34,40,36,35,43,39,35,28,42,34,54,48,61,61,62,50,54,56,60,59,26,22,18,18,22,22,21,23,22,23,46,44,40,38,40,43,48,48,50,57,38454
11,23,29,28,26,29,29,27,26,25,28,44,34,40,36,35,43,39,35,28,42,48,54,48,61,61,62,50,54,56,60,22,26,22,18,18,22,22,21,23,22,42,46,44,40,38,40,43,48,48,50,46391
12,27,23,29,28,26,29,29,27,26,25,32,44,34,40,36,35,43,39,35,28,56,48,54,48,61,61,62,50,54,56,28,22,26,22,18,18,22,22,21,23,41,42,46,44,40,38,40,43,48,48,41428
13,27,27,23,29,28,26,29,29,27,26,44,32,44,34,40,36,35,43,39,35,57,56,48,54,48,61,61,62,50,54,22,28,22,26,22,18,18,22,22,21,41,41,42,46,44,40,38,40,43,48,33006
14,30,27,27,23,29,28,26,29,29,27,47,44,32,44,34,40,36,35,43,39,58,57,56,48,54,48,61,61,62,50,22,22,28,22,26,22,18,18,22,22,38,41,41,42,46,44,40,38,40,43,34781
15,28,30,27,27,23,29,28,26,29,29,32,47,44,32,44,34,40,36,35,43,53,58,57,56,48,54,48,61,61,62,21,22,22,28,22,26,22,18,18,22,41,38,41,41,42,46,44,40,38,40,35132
16,28,28,30,27,27,23,29,28,26,29,38,32,47,44,32,44,34,40,36,35,51,53,58,57,56,48,54,48,61,61,25,21,22,22,28,22,26,22,18,18,41,41,38,41,41,42,46,44,40,38,43304
17,27,28,28,30,27,27,23,29,28,26,38,38,32,47,44,32,44,34,40,36,52,51,53,58,57,56,48,54,48,61,26,25,21,22,22,28,22,26,22,18,41,41,41,38,41,41,42,46,44,40,44035
18,29,27,28,28,30,27,27,23,29,28,29,38,38,32,47,44,32,44,34,40,55,52,51,53,58,57,56,48,54,48,26,26,25,21,22,22,28,22,26,22,41,41,41,41,38,41,41,42,46,44,49295
19,23,29,27,28,28,30,27,27,23,29,32,29,38,38,32,47,44,32,44,34,51,55,52,51,53,58,57,56,48,54,22,26,26,25,21,22,22,28,22,26,40,41,41,41,41,38,41,41,42,46,43221
20,26,23,29,27,28,28,30,27,27,23,35,32,29,38,38,32,47,44,32,44,63,51,55,52,51,53,58,57,56,48,16,22,26,26,25,21,22,22,28,22,36,40,41,41,41,41,38,41,41,42,35432
21,28,26,23,29,27,28,28,30,27,27,43,35,32,29,38,38,32,47,44,32,54,63,51,55,52,51,53,58,57,56,20,16,22,26,26,25,21,22,22,28,36,36,40,41,41,41,41,38,41,41,39463
22,29,28,26,23,29,27,28,28,30,27,30,43,35,32,29,38,38,32,47,44,52,54,63,51,55,52,51,53,58,57,24,20,16,22,26,26,25,21,22,22,42,36,36,40,41,41,41,41,38,41,48459
23,29,29,28,26,23,29,27,28,28,30,35,30,43,35,32,29,38,38,32,47,57,52,54,63,51,55,52,51,53,58,27,24,20,16,22,26,26,25,21,22,46,42,36,36,40,41,41,41,41,38,41686
24,29,29,29,28,26,23,29,27,28,28,47,35,30,43,35,32,29,38,38,32,48,57,52,54,63,51,55,52,51,53,26,27,24,20,16,22,26,26,25,21,44,46,42,36,36,40,41,41,41,41,45311
25,34,29,29,29,28,26,23,29,27,28,34,47,35,30,43,35,32,29,38,38,60,48,57,52,54,63,51,55,52,51,25,26,27,24,20,16,22,26,26,25,41,44,46,42,36,36,40,41,41,41,47159
26,28,34,29,29,29,28,26,23,29,27,41,34,47,35,30,43,35,32,29,38,52,60,48,57,52,54,63,51,55,52,22,25,26,27,24,20,16,22,26,26,41,41,44,46,42,36,36,40,41,41,49719
27,29,28,34,29,29,29,28,26,23,29,34,41,34,47,35,30,43,35,32,29,58,52,60,48,57,52,54,63,51,55,19,22,25,26,27,24,20,16,22,26,38,41,41,44,46,42,36,36,40,41,36558
28,29,29,28,34,29,29,29,28,26,23,54,34,41,34,47,35,30,43,35,32,60,58,52,60,48,57,52,54,63,51,21,19,22,25,26,27,24,20,16,22,37,38,41,41,44,46,42,36,36,40,36245
29,28,29,29,28,34,29,29,29,28,26,36,54,34,41,34,47,35,30,43,35,55,60,58,52,60,48,57,52,54,63,30,21,19,22,25,26,27,24,20,16,42,37,38,41,41,44,46,42,36,36,39098
30,26,28,29,29,28,34,29,29,29,28,39,36,54,34,41,34,47,35,30,43,51,55,60,58,52,60,48,57,52,54,24,30,21,19,22,25,26,27,24,20,44,42,37,38,41,41,44,46,42,36,46880
31,28,26,28,29,29,28,34,29,29,29,42,39,36,54,34,41,34,47,35,30,54,51,55,60,58,52,60,48,57,52,24,24,30,21,19,22,25,26,27,24,41,44,42,37,38,41,41,44,46,42,47769
32,28,28,26,28,29,29,28,34,29,29,47,42,39,36,54,34,41,34,47,35,60,54,51,55,60,58,52,60,48,57,28,24,24,30,21,19,22,25,26,27,41,41,44,42,37,38,41,41,44,46,50681
33,32,28,28,26,28,29,29,28,34,29,44,47,42,39,36,54,34,41,34,47,55,60,54,51,55,60,58,52,60,48,30,28,24,24,30,21,19,22,25,26,97,41,41,44,42,37,38,41,41,44,48157
34,33,32,28,28,26,28,29,29,28,34,50,44,47,42,39,36,54,34,41,34,64,55,60,54,51,55,60,58,52,60,26,30,28,24,24,30,21,19,22,25,71,97,41,41,44,42,37,38,41,41,36680
35,34,33,32,28,28,26,28,29,29,28,48,50,44,47,42,39,36,54,34,41,65,64,55,60,54,51,55,60,58,52,25,26,30,28,24,24,30,21,19,22,62,71,97,41,41,44,42,37,38,41,40839
36,32,34,33,32,28,28,26,28,29,29,43,48,50,44,47,42,39,36,54,34,59,65,64,55,60,54,51,55,60,58,33,25,26,30,28,24,24,30,21,19,66,62,71,97,41,41,44,42,37,38,40546
37,30,32,34,33,32,28,28,26,28,29,49,43,48,50,44,47,42,39,36,54,61,59,65,64,55,60,54,51,55,60,32,33,25,26,30,28,24,24,30,21,60,66,62,71,97,41,41,44,42,37,54674
38,31,30,32,34,33,32,28,28,26,28,41,49,43,48,50,44,47,42,39,36,66,61,59,65,64,55,60,54,51,55,35,32,33,25,26,30,28,24,24,30,56,60,66,62,71,97,41,41,44,42,56259
39,31,31,30,32,34,33,32,28,28,26,42,41,49,43,48,50,44,47,42,39,60,66,61,59,65,64,55,60,54,51,31,35,32,33,25,26,30,28,24,24,53,56,60,66,62,71,97,41,41,44,58838
40,30,31,31,30,32,34,33,32,28,28,45,42,41,49,43,48,50,44,47,42,65,60,66,61,59,65,64,55,60,54,28,31,35,32,33,25,26,30,28,24,49,53,56,60,66,62,71,97,41,41,51589
41,32,30,31,31,30,32,34,33,32,28,47,45,42,41,49,43,48,50,44,47,62,65,60,66,61,59,65,64,55,60,22,28,31,35,32,33,25,26,30,28,44,49,53,56,60,66,62,71,97,41,48512
42,29,32,30,31,31,30,32,34,33,32,37,47,45,42,41,49,43,48,50,44,51,62,65,60,66,61,59,65,64,55,19,22,28,31,35,32,33,25,26,30,42,44,49,53,56,60,66,62,71,97,46843
43,29,29,32,30,31,31,30,32,34,33,40,37,47,45,42,41,49,43,48,50,60,51,62,65,60,66,61,59,65,64,28,19,22,28,31,35,32,33,25,26,48,42,44,49,53,56,60,66,62,71,50569
44,30,29,29,32,30,31,31,30,32,34,56,40,37,47,45,42,41,49,43,48,55,60,51,62,65,60,66,61,59,65,32,28,19,22,28,31,35,32,33,25,49,48,42,44,49,53,56,60,66,62,57096
45,31,30,29,29,32,30,31,31,30,32,47,56,40,37,47,45,42,41,49,43,63,55,60,51,62,65,60,66,61,59,31,32,28,19,22,28,31,35,32,33,51,49,48,42,44,49,53,56,60,66,64439
46,30,31,30,29,29,32,30,31,31,30,45,47,56,40,37,47,45,42,41,49,60,63,55,60,51,62,65,60,66,61,30,31,32,28,19,22,28,31,35,32,51,51,49,48,42,44,49,53,56,60,68392
47,27,30,31,30,29,29,32,30,31,31,41,45,47,56,40,37,47,45,42,41,55,60,63,55,60,51,62,65,60,66,28,30,31,32,28,19,22,28,31,35,50,51,51,49,48,42,44,49,53,56,54997
48,30,27,30,31,30,29,29,32,30,31,35,41,45,47,56,40,37,47,45,42,57,55,60,63,55,60,51,62,65,60,26,28,30,31,32,28,19,22,28,31,44,50,51,51,49,48,42,44,49,53,49932
49,31,30,27,30,31,30,29,29,32,30,37,35,41,45,47,56,40,37,47,45,56,57,55,60,63,55,60,51,62,65,24,26,28,30,31,32,28,19,22,28,44,44,50,51,51,49,48,42,44,49,61734
50,28,31,30,27,30,31,30,29,29,32,43,37,35,41,45,47,56,40,37,47,63,56,57,55,60,63,55,60,51,62,33,24,26,28,30,31,32,28,19,22,52,44,44,50,51,51,49,48,42,44,58508
51,31,28,31,30,27,30,31,30,29,29,57,43,37,35,41,45,47,56,40,37,61,63,56,57,55,60,63,55,60,51,31,33,24,26,28,30,31,32,28,19,56,52,44,44,50,51,51,49,48,42,65088
52,30,31,28,31,30,27,30,31,30,29,47,57,43,37,35,41,45,47,56,40,62,61,63,56,57,55,60,63,55,60,37,31,33,24,26,28,30,31,32,28,54,56,52,44,44,50,51,51,49,48,75600
53,30,30,31,28,31,30,27,30,31,30,37,47,57,43,37,35,41,45,47,56,58,62,61,63,56,57,55,60,63,55,36,37,31,33,24,26,28,30,31,32,54,54,56,52,44,44,50,51,51,49,84655
54,31,30,30,31,28,31,30,27,30,31,29,37,47,57,43,37,35,41,45,47,50,58,62,61,63,56,57,55,60,63,28,36,37,31,33,24,26,28,30,31,51,54,54,56,52,44,44,50,51,51,81245
55,29,31,30,30,31,28,31,30,27,30,43,29,37,47,57,43,37,35,41,45,54,50,58,62,61,63,56,57,55,60,25,28,36,37,31,33,24,26,28,30,50,51,54,54,56,52,44,44,50,51,63677
56,30,29,31,30,30,31,28,31,30,27,43,43,29,37,47,57,43,37,35,41,57,54,50,58,62,61,63,56,57,55,29,25,28,36,37,31,33,24,26,28,47,50,51,54,54,56,52,44,44,50,66605
57,31,30,29,31,30,30,31,28,31,30,38,43,43,29,37,47,57,43,37,35,57,57,54,50,58,62,61,63,56,57,31,29,25,28,36,37,31,33,24,26,59,47,50,51,54,54,56,52,44,44,74069
58,33,31,30,29,31,30,30,31,28,31,40,38,43,43,29,37,47,57,43,37,65,57,57,54,50,58,62,61,63,56,33,31,29,25,28,36,37,31,33,24,58,59,47,50,51,54,54,56,52,44,84870
59,29,33,31,30,29,31,30,30,31,28,37,40,38,43,43,29,37,47,57,43,64,65,57,57,54,50,58,62,61,63,34,33,31,29,25,28,36,37,31,33,63,58,59,47,50,51,54,54,56,52,91745
60,33,29,33,31,30,29,31,30,30,31,45,37,40,38,43,43,29,37,47,57,67,64,65,57,57,54,50,58,62,61,35,34,33,31,29,25,28,36,37,31,60,63,58,59,47,50,51,54,54,56,99762
61,29,33,29,33,31,30,29,31,30,30,44,45,37,40,38,43,43,29,37,47,56,67,64,65,57,57,54,50,58,62,28,35,34,33,31,29,25,28,36,37,62,60,63,58,59,47,50,51,54,54,88843
62,30,29,33,29,33,31,30,29,31,30,45,44,45,37,40,38,43,43,29,37,57,56,67,64,65,57,57,54,50,58,28,28,35,34,33,31,29,25,28,36,56,62,60,63,58,59,47,50,51,54,141031
63,29,30,29,33,29,33,31,30,29,31,31,45,44,45,37,40,38,43,43,29,60,57,56,67,64,65,57,57,54,50,26,28,28,35,34,33,31,29,25,28,53,56,62,60,63,58,59,47,50,51,87748
64,28,29,30,29,33,29,33,31,30,29,51,31,45,44,45,37,40,38,43,43,63,60,57,56,67,64,65,57,57,54,29,26,28,28,35,34,33,31,29,25,63,53,56,62,60,63,58,59,47,50,93781
65,33,28,29,30,29,33,29,33,31,30,36,51,31,45,44,45,37,40,38,43,59,63,60,57,56,67,64,65,57,57,28,29,26,28,28,35,34,33,31,29,54,63,53,56,62,60,63,58,59,47,112749
66,21,33,28,29,30,29,33,29,33,31,32,36,51,31,45,44,45,37,40,38,36,59,63,60,57,56,67,64,65,57,19,28,29,26,28,28,35,34,33,31,32,54,63,53,56,62,60,63,58,59,122347
67,26,21,33,28,29,30,29,33,29,33,28,32,36,51,31,45,44,45,37,40,46,36,59,63,60,57,56,67,64,65,21,19,28,29,26,28,28,35,34,33,46,32,54,63,53,56,62,60,63,58,133284
68,26,26,21,33,28,29,30,29,33,29,36,28,32,36,51,31,45,44,45,37,54,46,36,59,63,60,57,56,67,64,25,21,19,28,29,26,28,28,35,34,50,46,32,54,63,53,56,62,60,63,96884
69,27,26,26,21,33,28,29,30,29,33,48,36,28,32,36,51,31,45,44,45,50,54,46,36,59,63,60,57,56,67,24,25,21,19,28,29,26,28,28,35,49,50,46,32,54,63,53,56,62,60,107128
70,32,27,26,26,21,33,28,29,30,29,46,48,36,28,32,36,51,31,45,44,54,50,54,46,36,59,63,60,57,56,25,24,25,21,19,28,29,26,28,28,51,49,50,46,32,54,63,53,56,62,123996
71,34,32,27,26,26,21,33,28,29,30,42,46,48,36,28,32,36,51,31,45,60,54,50,54,46,36,59,63,60,57,27,25,24,25,21,19,28,29,26,28,76,51,49,50,46,32,54,63,53,56,141472
72,37,34,32,27,26,26,21,33,28,29,32,42,46,48,36,28,32,36,51,31,62,60,54,50,54,46,36,59,63,60,32,27,25,24,25,21,19,28,29,26,74,76,51,49,50,46,32,54,63,53,151658
73,34,37,34,32,27,26,26,21,33,28,35,32,42,46,48,36,28,32,36,51,66,62,60,54,50,54,46,36,59,63,31,32,27,25,24,25,21,19,28,29,83,74,76,51,49,50,46,32,54,63,160007
74,32,34,37,34,32,27,26,26,21,33,46,35,32,42,46,48,36,28,32,36,59,66,62,60,54,50,54,46,36,59,36,31,32,27,25,24,25,21,19,28,88,83,74,76,51,49,50,46,32,54,181135
75,33,32,34,37,34,32,27,26,26,21,55,46,35,32,42,46,48,36,28,32,61,59,66,62,60,54,50,54,46,36,32,36,31,32,27,25,24,25,21,19,92,88,83,74,76,51,49,50,46,32,201503
76,32,33,32,34,37,34,32,27,26,26,53,55,46,35,32,42,46,48,36,28,57,61,59,66,62,60,54,50,54,46,26,32,36,31,32,27,25,24,25,21,89,92,88,83,74,76,51,49,50,46,104893
77,34,32,33,32,34,37,34,32,27,26,45,53,55,46,35,32,42,46,48,36,67,57,61,59,66,62,60,54,50,54,30,26,32,36,31,32,27,25,24,25,84,89,92,88,83,74,76,51,49,50,156771
78,38,34,32,33,32,34,37,34,32,27,51,45,53,55,46,35,32,42,46,48,64,67,57,61,59,66,62,60,54,50,29,30,26,32,36,31,32,27,25,24,104,84,89,92,88,83,74,76,51,49,163909
79,36,38,34,32,33,32,34,37,34,32,55,51,45,53,55,46,35,32,42,46,73,64,67,57,61,59,66,62,60,54,36,29,30,26,32,36,31,32,27,25,111,104,84,89,92,88,83,74,76,51,168340
80,36,36,38,34,32,33,32,34,37,34,40,55,51,45,53,55,46,35,32,42,68,73,64,67,57,61,59,66,62,60,35,36,29,30,26,32,36,31,32,27,110,111,104,84,89,92,88,83,74,76,189498
81,34,36,36,38,34,32,33,32,34,37,50,40,55,51,45,53,55,46,35,32,68,68,73,64,67,57,61,59,66,62,36,35,36,29,30,26,32,36,31,32,104,110,111,104,84,89,92,88,83,74,199334
82,38,34,36,36,38,34,32,33,32,34,44,50,40,55,51,45,53,55,46,35,62,68,68,73,64,67,57,61,59,66,42,36,35,36,29,30,26,32,36,31,99,104,110,111,104,84,89,92,88,83,178143
83,33,38,34,36,36,38,34,32,33,32,62,44,50,40,55,51,45,53,55,46,64,62,68,68,73,64,67,57,61,59,31,42,36,35,36,29,30,26,32,36,88,99,104,110,111,104,84,89,92,88,152263
84,32,33,38,34,36,36,38,34,32,33,50,62,44,50,40,55,51,45,53,55,65,64,62,68,68,73,64,67,57,61,32,31,42,36,35,36,29,30,26,32,84,88,99,104,110,111,104,84,89,92,162409
85,33,32,33,38,34,36,36,38,34,32,58,50,62,44,50,40,55,51,45,53,68,65,64,62,68,68,73,64,67,57,37,32,31,42,36,35,36,29,30,26,96,84,88,99,104,110,111,104,84,89,172947
86,36,33,32,33,38,34,36,36,38,34,49,58,50,62,44,50,40,55,51,45,73,68,65,64,62,68,68,73,64,67,39,37,32,31,42,36,35,36,29,30,89,96,84,88,99,104,110,111,104,84,190583
87,34,36,33,32,33,38,34,36,36,38,60,49,58,50,62,44,50,40,55,51,65,73,68,65,64,62,68,68,73,64,31,39,37,32,31,42,36,35,36,29,82,89,96,84,88,99,104,110,111,104,151442
88,30,34,36,33,32,33,38,34,36,36,42,60,49,58,50,62,44,50,40,55,65,65,73,68,65,64,62,68,68,73,27,31,39,37,32,31,42,36,35,36,62,82,89,96,84,88,99,104,110,111,174671
89,29,30,34,36,33,32,33,38,34,36,35,42,60,49,58,50,62,44,50,40,53,65,65,73,68,65,64,62,68,68,28,27,31,39,37,32,31,42,36,35,64,62,82,89,96,84,88,99,104,110,148200
90,29,29,30,34,36,33,32,33,38,34,55,35,42,60,49,58,50,62,44,50,62,53,65,65,73,68,65,64,62,68,32,28,27,31,39,37,32,31,42,36,70,64,62,82,89,96,84,88,99,104,138412
91,33,29,29,30,34,36,33,32,33,38,56,55,35,42,60,49,58,50,62,44,69,62,53,65,65,73,68,65,64,62,29,32,28,27,31,39,37,32,31,42,70,70,64,62,82,89,96,84,88,99,156809
92,37,33,29,29,30,34,36,33,32,33,48,56,55,35,42,60,49,58,50,62,64,69,62,53,65,65,73,68,65,64,39,29,32,28,27,31,39,37,32,31,78,70,70,64,62,82,89,96,84,88,187411
93,31,37,33,29,29,30,34,36,33,32,56,48,56,55,35,42,60,49,58,50,70,64,69,62,53,65,65,73,68,65,36,39,29,32,28,27,31,39,37,32,79,78,70,70,64,62,82,89,96,84,206124
94,33,31,37,33,29,29,30,34,36,33,58,56,48,56,55,35,42,60,49,58,69,70,64,69,62,53,65,65,73,68,43,36,39,29,32,28,27,31,39,37,79,79,78,70,70,64,62,82,89,96,223936
95,34,33,31,37,33,29,29,30,34,36,49,58,56,48,56,55,35,42,60,49,73,69,70,64,69,62,53,65,65,73,33,43,36,39,29,32,28,27,31,39,84,79,79,78,70,70,64,62,82,89,227058
96,32,34,33,31,37,33,29,29,30,34,57,49,58,56,48,56,55,35,42,60,71,73,69,70,64,69,62,53,65,65,41,33,43,36,39,29,32,28,27,31,83,84,79,79,78,70,70,64,62,82,211721
97,33,32,34,33,31,37,33,29,29,30,64,57,49,58,56,48,56,55,35,42,62,71,73,69,70,64,69,62,53,65,38,41,33,43,36,39,29,32,28,27,76,83,84,79,79,78,70,70,64,62,175792
98,33,33,32,34,33,31,37,33,29,29,82,64,57,49,58,56,48,56,55,35,68,62,71,73,69,70,64,69,62,53,31,38,41,33,43,36,39,29,32,28,74,76,83,84,79,79,78,70,70,64,192717
99,31,33,33,32,34,33,31,37,33,29,60,82,64,57,49,58,56,48,56,55,71,68,62,71,73,69,70,64,69,62,38,31,38,41,33,43,36,39,29,32,84,74,76,83,84,79,79,78,70,70,227484
100,33,31,33,33,32,34,33,31,37,33,74,60,82,64,57,49,58,56,48,56,67,71,68,62,71,73,69,70,64,69,40,38,31,38,41,33,43,36,39,29,90,84,74,76,83,84,79,79,78,70,218353
101,31,33,31,33,33,32,34,33,31,37,57,74,60,82,64,57,49,58,56,48,70,67,71,68,62,71,73,69,70,64,41,40,38,31,38,41,33,43,36,39,89,90,84,74,76,83,84,79,79,78,212920
102,34,31,33,31,33,33,32,34,33,31,56,57,74,60,82,64,57,49,58,56,67,70,67,71,68,62,71,73,69,70,40,41,40,38,31,38,41,33,43,36,90,89,90,84,74,76,83,84,79,79,251786
103,31,34,31,33,31,33,33,32,34,33,64,56,57,74,60,82,64,57,49,58,72,67,70,67,71,68,62,71,73,69,35,40,41,40,38,31,38,41,33,43,84,90,89,90,84,74,76,83,84,79,219407
104,31,31,34,31,33,31,33,33,32,34,48,64,56,57,74,60,82,64,57,49,64,72,67,70,67,71,68,62,71,73,31,35,40,41,40,38,31,38,41,33,79,84,90,89,90,84,74,76,83,84,183100
105,34,31,31,34,31,33,31,33,33,32,53,48,64,56,57,74,60,82,64,57,69,64,72,67,70,67,71,68,62,71,32,31,35,40,41,40,38,31,38,41,76,79,84,90,89,90,84,74,76,83,199734
106,31,34,31,31,34,31,33,31,33,33,65,53,48,64,56,57,74,60,82,64,66,69,64,72,67,70,67,71,68,62,35,32,31,35,40,41,40,38,31,38,88,76,79,84,90,89,90,84,74,76,198853
107,32,31,34,31,31,34,31,33,31,33,62,65,53,48,64,56,57,74,60,82,68,66,69,64,72,67,70,67,71,68,37,35,32,31,35,40,41,40,38,31,87,88,76,79,84,90,89,90,84,74,245461
108,32,32,31,34,31,31,34,31,33,31,57,62,65,53,48,64,56,57,74,60,64,68,66,69,64,72,67,70,67,71,38,37,35,32,31,35,40,41,40,38,87,87,88,76,79,84,90,89,90,84,249485
109,29,32,32,31,34,31,31,34,31,33,52,57,62,65,53,48,64,56,57,74,66,64,68,66,69,64,72,67,70,67,37,38,37,35,32,31,35,40,41,40,86,87,87,88,76,79,84,90,89,90,239380
110,31,29,32,32,31,34,31,31,34,31,60,52,57,62,65,53,48,64,56,57,66,66,64,68,66,69,64,72,67,70,30,37,38,37,35,32,31,35,40,41,87,86,87,87,88,76,79,84,90,89,200759
111,34,31,29,32,32,31,34,31,31,34,56,60,52,57,62,65,53,48,64,56,71,66,66,64,68,66,69,64,72,67,28,30,37,38,37,35,32,31,35,40,84,87,86,87,87,88,76,79,84,90,194600
112,31,34,31,29,32,32,31,34,31,31,60,56,60,52,57,62,65,53,48,64,66,71,66,66,64,68,66,69,64,72,33,28,30,37,38,37,35,32,31,35,83,84,87,86,87,87,88,76,79,84,186071
113,33,31,34,31,29,32,32,31,34,31,59,60,56,60,52,57,62,65,53,48,70,66,71,66,66,64,68,66,69,64,30,33,28,30,37,38,37,35,32,31,101,83,84,87,86,87,87,88,76,79,200675
114,34,33,31,34,31,29,32,32,31,34,57,59,60,56,60,52,57,62,65,53,67,70,66,71,66,66,64,68,66,69,40,30,33,28,30,37,38,37,35,32,94,101,83,84,87,86,87,87,88,76,233319
115,34,34,33,31,34,31,29,32,32,31,52,57,59,60,56,60,52,57,62,65,62,67,70,66,71,66,66,64,68,66,32,40,30,33,28,30,37,38,37,35,94,94,101,83,84,87,86,87,87,88,197701
116,34,34,34,33,31,34,31,29,32,32,39,52,57,59,60,56,60,52,57,62,64,62,67,70,66,71,66,66,64,68,27,32,40,30,33,28,30,37,38,37,74,94,94,101,83,84,87,86,87,87,136582
117,28,34,34,34,33,31,34,31,29,32,70,39,52,57,59,60,56,60,52,57,63,64,62,67,70,66,71,66,66,64,26,27,32,40,30,33,28,30,37,38,58,74,94,94,101,83,84,87,86,87,182016
118,30,28,34,34,34,33,31,34,31,29,57,70,39,52,57,59,60,56,60,52,66,63,64,62,67,70,66,71,66,66,32,26,27,32,40,30,33,28,30,37,72,58,74,94,94,101,83,84,87,86,147703
119,37,30,28,34,34,34,33,31,34,31,64,57,70,39,52,57,59,60,56,60,70,66,63,64,62,67,70,66,71,66,31,32,26,27,32,40,30,33,28,30,78,72,58,74,94,94,101,83,84,87,177696
120,38,37,30,28,34,34,34,33,31,34,72,64,57,70,39,52,57,59,60,56,74,70,66,63,64,62,67,70,66,71,35,31,32,26,27,32,40,30,33,28,94,78,72,58,74,94,94,101,83,84,206128
121,35,38,37,30,28,34,34,34,33,31,90,72,64,57,70,39,52,57,59,60,72,74,70,66,63,64,62,67,70,66,41,35,31,32,26,27,32,40,30,33,96,94,78,72,58,74,94,94,101,83,236598
122,37,35,38,37,30,28,34,34,34,33,81,90,72,64,57,70,39,52,57,59,80,72,74,70,66,63,64,62,67,70,43,41,35,31,32,26,27,32,40,30,104,96,94,78,72,58,74,94,94,101,232690
123,33,37,35,38,37,30,28,34,34,34,65,81,90,72,64,57,70,39,52,57,83,80,72,74,70,66,63,64,62,67,38,43,41,35,31,32,26,27,32,40,92,104,96,94,78,72,58,74,94,94,175188
124,33,33,37,35,38,37,30,28,34,34,78,65,81,90,72,64,57,70,39,52,71,83,80,72,74,70,66,63,64,62,32,38,43,41,35,31,32,26,27,32,74,92,104,96,94,78,72,58,74,94,281601
125,35,33,33,37,35,38,37,30,28,34,56,78,65,81,90,72,64,57,70,39,71,71,83,80,72,74,70,66,63,64,32,32,38,43,41,35,31,32,26,27,77,74,92,104,96,94,78,72,58,74,207368
126,34,35,33,33,37,35,38,37,30,28,71,56,78,65,81,90,72,64,57,70,65,71,71,83,80,72,74,70,66,63,33,32,32,38,43,41,35,31,32,26,82,77,74,92,104,96,94,78,72,58,177865
127,37,34,35,33,33,37,35,38,37,30,73,71,56,78,65,81,90,72,64,57,76,65,71,71,83,80,72,74,70,66,41,33,32,32,38,43,41,35,31,32,96,82,77,74,92,104,96,94,78,72,233398
128,36,37,34,35,33,33,37,35,38,37,75,73,71,56,78,65,81,90,72,64,73,76,65,71,71,83,80,72,74,70,41,41,33,32,32,38,43,41,35,31,100,96,82,77,74,92,104,96,94,78,251094
129,31,36,37,34,35,33,33,37,35,38,61,75,73,71,56,78,65,81,90,72,75,73,76,65,71,71,83,80,72,74,41,41,41,33,32,32,38,43,41,35,87,100,96,82,77,74,92,104,96,94,281690
130,30,31,36,37,34,35,33,33,37,35,57,61,75,73,71,56,78,65,81,90,73,75,73,76,65,71,71,83,80,72,33,41,41,41,33,32,32,38,43,41,78,87,100,96,82,77,74,92,104,96,314861
131,29,30,31,36,37,34,35,33,33,37,75,57,61,75,73,71,56,78,65,81,70,73,75,73,76,65,71,71,83,80,38,33,41,41,41,33,32,32,38,43,86,78,87,100,96,82,77,74,92,104,245699
132,33,29,30,31,36,37,34,35,33,33,67,75,57,61,75,73,71,56,78,65,65,70,73,75,73,76,65,71,71,83,36,38,33,41,41,41,33,32,32,38,78,86,78,87,100,96,82,77,74,92,218743
133,29,33,29,30,31,36,37,34,35,33,52,67,75,57,61,75,73,71,56,78,67,65,70,73,75,73,76,65,71,71,35,36,38,33,41,41,41,33,32,32,71,78,86,78,87,100,96,82,77,74,201665
134,33,29,33,29,30,31,36,37,34,35,56,52,67,75,57,61,75,73,71,56,62,67,65,70,73,75,73,76,65,71,37,35,36,38,33,41,41,41,33,32,90,71,78,86,78,87,100,96,82,77,221561
135,33,33,29,33,29,30,31,36,37,34,71,56,52,67,75,57,61,75,73,71,66,62,67,65,70,73,75,73,76,65,38,37,35,36,38,33,41,41,41,33,93,90,71,78,86,78,87,100,96,82,225793
136,34,33,33,29,33,29,30,31,36,37,62,71,56,52,67,75,57,61,75,73,66,66,62,67,65,70,73,75,73,76,38,38,37,35,36,38,33,41,41,41,100,93,90,71,78,86,78,87,100,96,225326
137,31,34,33,33,29,33,29,30,31,36,62,62,71,56,52,67,75,57,61,75,64,66,66,62,67,65,70,73,75,73,41,38,38,37,35,36,38,33,41,41,99,100,93,90,71,78,86,78,87,100,246950
138,34,31,34,33,33,29,33,29,30,31,65,62,62,71,56,52,67,75,57,61,74,64,66,66,62,67,65,70,73,75,38,41,38,38,37,35,36,38,33,41,96,99,100,93,90,71,78,86,78,87,214063
139,31,34,31,34,33,33,29,33,29,30,70,65,62,62,71,56,52,67,75,57,68,74,64,66,66,62,67,65,70,73,33,38,41,38,38,37,35,36,38,33,81,96,99,100,93,90,71,78,86,78,185572
140,28,31,34,31,34,33,33,29,33,29,61,70,65,62,62,71,56,52,67,75,66,68,74,64,66,66,62,67,65,70,32,33,38,41,38,38,37,35,36,38,72,81,96,99,100,93,90,71,78,86,150690
141,31,28,31,34,31,34,33,33,29,33,54,61,70,65,62,62,71,56,52,67,69,66,68,74,64,66,66,62,67,65,34,32,33,38,41,38,38,37,35,36,88,72,81,96,99,100,93,90,71,78,148601
142,31,31,28,31,34,31,34,33,33,29,62,54,61,70,65,62,62,71,56,52,62,69,66,68,74,64,66,66,62,67,34,34,32,33,38,41,38,38,37,35,96,88,72,81,96,99,100,93,90,71,188590
143,29,31,31,28,31,34,31,34,33,33,47,62,54,61,70,65,62,62,71,56,66,62,69,66,68,74,64,66,66,62,36,34,34,32,33,38,41,38,38,37,83,96,88,72,81,96,99,100,93,90,189463
144,29,29,31,31,28,31,34,31,34,33,58,47,62,54,61,70,65,62,62,71,70,66,62,69,66,68,74,64,66,66,41,36,34,34,32,33,38,41,38,38,84,83,96,88,72,81,96,99,100,93,191415
145,28,29,29,31,31,28,31,34,31,34,75,58,47,62,54,61,70,65,62,62,62,70,66,62,69,66,68,74,64,66,38,41,36,34,34,32,33,38,41,38,88,84,83,96,88,72,81,96,99,100,171248
146,27,28,29,29,31,31,28,31,34,31,69,75,58,47,62,54,61,70,65,62,61,62,70,66,62,69,66,68,74,64,28,38,41,36,34,34,32,33,38,41,78,88,84,83,96,88,72,81,96,99,140229
147,28,27,28,29,29,31,31,28,31,34,65,69,75,58,47,62,54,61,70,65,66,61,62,70,66,62,69,66,68,74,31,28,38,41,36,34,34,32,33,38,74,78,88,84,83,96,88,72,81,96,134641
148,27,28,27,28,29,29,31,31,28,31,58,65,69,75,58,47,62,54,61,70,61,66,61,62,70,66,62,69,66,68,33,31,28,38,41,36,34,34,32,33,90,74,78,88,84,83,96,88,72,81,149509
149,30,27,28,27,28,29,29,31,31,28,50,58,65,69,75,58,47,62,54,61,71,61,66,61,62,70,66,62,69,66,30,33,31,28,38,41,36,34,34,32,92,90,74,78,88,84,83,96,88,72,157083
150,29,30,27,28,27,28,29,29,31,31,59,50,58,65,69,75,58,47,62,54,68,71,61,66,61,62,70,66,62,69,38,30,33,31,28,38,41,36,34,34,88,92,90,74,78,88,84,83,96,88,158567
151,27,29,30,27,28,27,28,29,29,31,54,59,50,58,65,69,75,58,47,62,63,68,71,61,66,61,62,70,66,62,34,38,30,33,31,28,38,41,36,34,83,88,92,90,74,78,88,84,83,96,164694
152,27,27,29,30,27,28,27,28,29,29,62,54,59,50,58,65,69,75,58,47,66,63,68,71,61,66,61,62,70,66,32,34,38,30,33,31,28,38,41,36,80,83,88,92,90,74,78,88,84,83,140278
153,29,27,27,29,30,27,28,27,28,29,45,62,54,59,50,58,65,69,75,58,61,66,63,68,71,61,66,61,62,70,28,32,34,38,30,33,31,28,38,41,72,80,83,88,92,90,74,78,88,84,112784
154,29,29,27,27,29,30,27,28,27,28,52,45,62,54,59,50,58,65,69,75,66,61,66,63,68,71,61,66,61,62,28,28,32,34,38,30,33,31,28,38,68,72,80,83,88,92,90,74,78,88,126331
155,25,29,29,27,27,29,30,27,28,27,58,52,45,62,54,59,50,58,65,69,60,66,61,66,63,68,71,61,66,61,32,28,28,32,34,38,30,33,31,28,74,68,72,80,83,88,92,90,74,78,118741
156,29,25,29,29,27,27,29,30,27,28,64,58,52,45,62,54,59,50,58,65,63,60,66,61,66,63,68,71,61,66,35,32,28,28,32,34,38,30,33,31,80,74,68,72,80,83,88,92,90,74,119369
157,29,29,25,29,29,27,27,29,30,27,61,64,58,52,45,62,54,59,50,58,65,63,60,66,61,66,63,68,71,61,35,35,32,28,28,32,34,38,30,33,84,80,74,68,72,80,83,88,92,90,126581
158,30,29,29,25,29,29,27,27,29,30,58,61,64,58,52,45,62,54,59,50,66,65,63,60,66,61,66,63,68,71,28,35,35,32,28,28,32,34,38,30,77,84,80,74,68,72,80,83,88,92,127841
159,25,30,29,29,25,29,29,27,27,29,73,58,61,64,58,52,45,62,54,59,63,66,65,63,60,66,61,66,63,68,35,28,35,35,32,28,28,32,34,38,76,77,84,80,74,68,72,80,83,88,108807
160,26,25,30,29,29,25,29,29,27,27,63,73,58,61,64,58,52,45,62,54,62,63,66,65,63,60,66,61,66,63,26,35,28,35,35,32,28,28,32,34,67,76,77,84,80,74,68,72,80,83,91475
161,30,26,25,30,29,29,25,29,29,27,59,63,73,58,61,64,58,52,45,62,64,62,63,66,65,63,60,66,61,66,22,26,35,28,35,35,32,28,28,32,59,67,76,77,84,80,74,68,72,80,81844
162,28,30,26,25,30,29,29,25,29,29,54,59,63,73,58,61,64,58,52,45,56,64,62,63,66,65,63,60,66,61,31,22,26,35,28,35,35,32,28,28,73,59,67,76,77,84,80,74,68,72,91484
163,27,28,30,26,25,30,29,29,25,29,64,54,59,63,73,58,61,64,58,52,61,56,64,62,63,66,65,63,60,66,27,31,22,26,35,28,35,35,32,28,79,73,59,67,76,77,84,80,74,68,96363
164,31,27,28,30,26,25,30,29,29,25,47,64,54,59,63,73,58,61,64,58,65,61,56,64,62,63,66,65,63,60,28,27,31,22,26,35,28,35,35,32,78,79,73,59,67,76,77,84,80,74,101716
165,30,31,27,28,30,26,25,30,29,29,65,47,64,54,59,63,73,58,61,64,63,65,61,56,64,62,63,66,65,63,25,28,27,31,22,26,35,28,35,35,79,78,79,73,59,67,76,77,84,80,97483
166,29,30,31,27,28,30,26,25,30,29,56,65,47,64,54,59,63,73,58,61,65,63,65,61,56,64,62,63,66,65,28,25,28,27,31,22,26,35,28,35,76,79,78,79,73,59,67,76,77,84,88666
167,27,29,30,31,27,28,30,26,25,30,51,56,65,47,64,54,59,63,73,58,57,65,63,65,61,56,64,62,63,66,18,28,25,28,27,31,22,26,35,28,63,76,79,78,79,73,59,67,76,77,65829
168,25,27,29,30,31,27,28,30,26,25,47,51,56,65,47,64,54,59,63,73,60,57,65,63,65,61,56,64,62,63,23,18,28,25,28,27,31,22,26,35,57,63,76,79,78,79,73,59,67,76,55312
169,28,25,27,29,30,31,27,28,30,26,51,47,51,56,65,47,64,54,59,63,59,60,57,65,63,65,61,56,64,62,26,23,18,28,25,28,27,31,22,26,67,57,63,76,79,78,79,73,59,67,57863
170,26,28,25,27,29,30,31,27,28,30,66,51,47,51,56,65,47,64,54,59,49,59,60,57,65,63,65,61,56,64,28,26,23,18,28,25,28,27,31,22,69,67,57,63,76,79,78,79,73,59,69349
171,25,26,28,25,27,29,30,31,27,28,48,66,51,47,51,56,65,47,64,54,64,49,59,60,57,65,63,65,61,56,31,28,26,23,18,28,25,28,27,31,64,69,67,57,63,76,79,78,79,73,68098
172,25,25,26,28,25,27,29,30,31,27,49,48,66,51,47,51,56,65,47,64,63,64,49,59,60,57,65,63,65,61,31,31,28,26,23,18,28,25,28,27,64,64,69,67,57,63,76,79,78,79,72948
173,26,25,25,26,28,25,27,29,30,31,41,49,48,66,51,47,51,56,65,47,61,63,64,49,59,60,57,65,63,65,32,31,31,28,26,23,18,28,25,28,62,64,64,69,67,57,63,76,79,78,69686
174,26,26,25,25,26,28,25,27,29,30,57,41,49,48,66,51,47,51,56,65,61,61,63,64,49,59,60,57,65,63,23,32,31,31,28,26,23,18,28,25,57,62,64,64,69,67,57,63,76,79,54114
175,27,26,26,25,25,26,28,25,27,29,41,57,41,49,48,66,51,47,51,56,64,61,61,63,64,49,59,60,57,65,22,23,32,31,31,28,26,23,18,28,57,57,62,64,64,69,67,57,63,76,55803
176,23,27,26,26,25,25,26,28,25,27,58,41,57,41,49,48,66,51,47,51,60,64,61,61,63,64,49,59,60,57,28,22,23,32,31,31,28,26,23,18,69,57,57,62,64,64,69,67,57,63,70301
177,25,23,27,26,26,25,25,26,28,25,66,58,41,57,41,49,48,66,51,47,62,60,64,61,61,63,64,49,59,60,30,28,22,23,32,31,31,28,26,23,71,69,57,57,62,64,64,69,67,57,74598
178,28,25,23,27,26,26,25,25,26,28,51,66,58,41,57,41,49,48,66,51,56,62,60,64,61,61,63,64,49,59,26,30,28,22,23,32,31,31,28,26,70,71,69,57,57,62,64,64,69,67,73946
179,25,28,25,23,27,26,26,25,25,26,59,51,66,58,41,57,41,49,48,66,66,56,62,60,64,61,61,63,64,49,26,26,30,28,22,23,32,31,31,28,72,70,71,69,57,57,62,64,64,69,73118
180,25,25,28,25,23,27,26,26,25,25,67,59,51,66,58,41,57,41,49,48,61,66,56,62,60,64,61,61,63,64,25,26,26,30,28,22,23,32,31,31,70,72,70,71,69,57,57,62,64,64,69877
181,26,25,25,28,25,23,27,26,26,25,80,67,59,51,66,58,41,57,41,49,59,61,66,56,62,60,64,61,61,63,21,25,26,26,30,28,22,23,32,31,64,70,72,70,71,69,57,57,62,64,50272
182,26,26,25,25,28,25,23,27,26,26,77,80,67,59,51,66,58,41,57,41,62,59,61,66,56,62,60,64,61,61,26,21,25,26,26,30,28,22,23,32,61,64,70,72,70,71,69,57,57,62,48962
